city_name;city_slug;city_regions;city_eng;city_padej1;city_padej2;city_padej3;city_phone;city_address
Абаза;;Хакасия;;в Абазе;;;;
Абакан;;Хакасия;;в Абакане;;;;
Абдулино;;Оренбургская область;;в Абдулино;;;;
Абинск;;Краснодарский край;;в Абинске;;;;
Агидель;;Башкортостан;;в Агидели;;;;
Агрыз;;Татарстан;;в Агрызе;;;;
Адыгейск;;Адыгея;;в Адыгейске;;;;
Азнакаево;;Татарстан;;в Азнакаево;;;;
Азов;;Ростовская область;;в Азове;;;;
Ак-Довурак;;Тыва;;в Ак-Довураке;;;;
Аксай;;Ростовская область;;в Аксае;;;;
Алагир;;Северная Осетия;;в Алагире;;;;
Алапаевск;;Свердловская область;;в Алапаевске;;;;
Алатырь;;Чувашия;;в Алатыре;;;;
Алдан;;Якутия;;в Алдане;;;;
Алейск;;Алтайский край;;в Алейске;;;;
Александров;;Владимирская область;;в Александрове;;;;
Александровск;;Пермский край;;в Александровске;;;;
Александровск-Сахалинский;;Сахалинская область;;в Александровске-Сахалинском;;;;
Алексеевка;;Белгородская область;;в Алексеевке;;;;
Алексин;;Тульская область;;в Алексине;;;;
Алзамай;;Иркутская область;;в Алзамае;;;;
Алупка;;Крым;;в Алупке;;;;
Алушта;;Крым;;в Алуште;;;;
Альметьевск;;Татарстан;;в Альметьевске;;;;
Амурск;;Хабаровский край;;в Амурске;;;;
Анадырь;;Чукотский АО;;в Анадыре;;;;
Анапа;;Краснодарский край;;в Анапе;;;;
Ангарск;;Иркутская область;;в Ангарске;;;;
Андреаполь;;Тверская область;;в Андреаполе;;;;
Анжеро-Судженск;;Кемеровская область;;в Анжеро-Судженске;;;;
Анива;;Сахалинская область;;в Аниве;;;;
Апатиты;;Мурманская область;;в Апатитах;;;;
Апрелевка;;Московская область;;в Апрелевке;;;;
Апшеронск;;Краснодарский край;;в Апшеронске;;;;
Арамиль;;Свердловская область;;в Арамиле;;;;
Аргун;;Чечня;;в Аргуне;;;;
Ардатов;;Мордовия;;в Ардатове;;;;
Ардон;;Северная Осетия;;в Ардоне;;;;
Арзамас;;Нижегородская область;;в Арзамасе;;;;
Аркадак;;Саратовская область;;в Аркадаке;;;;
Армавир;;Краснодарский край;;в Армавире;;;;
Армянск;;Крым;;в Армянске;;;;
Арсеньев;;Приморский край;;в Арсеньеве;;;;
Арск;;Татарстан;;в Арске;;;;
Артём;;Приморский край;;в Артёме;;;;
Артёмовск;;Красноярский край;;в Артёмовске;;;;
Артёмовский;;Свердловская область;;в Артёмовском;;;;
Архангельск;;Архангельская область;;в Архангельске;;;;
Асбест;;Свердловская область;;в Асбесте;;;;
Асино;;Томская область;;в Асино;;;;
Астрахань;;Астраханская область;;в Астрахани;;;;
Аткарск;;Саратовская область;;в Аткарске;;;;
Ахтубинск;;Астраханская область;;в Ахтубинске;;;;
Ачинск;;Красноярский край;;в Ачинске;;;;
Ачхой-Мартан;;Чечня;;в Ачхой-Мартане;;;;
Аша;;Челябинская область;;в Аше;;;;
Бабаево;;Вологодская область;;в Бабаево;;;;
Бабушкин;;Бурятия;;в Бабушкине;;;;
Бавлы;;Татарстан;;в Бавлах;;;;
Багратионовск;;Калининградская область;;в Багратионовске;;;;
Байкальск;;Иркутская область;;в Байкальске;;;;
Баймак;;Башкортостан;;в Баймаке;;;;
Бакал;;Челябинская область;;в Бакале;;;;
Баксан;;Кабардино-Балкария;;в Баксане;;;;
Балабаново;;Калужская область;;в Балабаново;;;;
Балаково;;Саратовская область;;в Балаково;;;;
Балахна;;Нижегородская область;;в Балахне;;;;
Балашиха;;Московская область;;в Балашихе;;;;
Балашов;;Саратовская область;;в Балашове;;;;
Балей;;Забайкальский край;;в Балее;;;;
Балтийск;;Калининградская область;;в Балтийске;;;;
Барабинск;;Новосибирская область;;в Барабинске;;;;
Барнаул;;Алтайский край;;в Барнауле;;;;
Барыш;;Ульяновская область;;в Барыше;;;;
Батайск;;Ростовская область;;в Батайске;;;;
Бахчисарай;;Крым;;в Бахчисарае;;;;
Бежецк;;Тверская область;;в Бежецке;;;;
Белая Калитва;;Ростовская область;;в Белой Калитве;;;;
Белая Холуница;;Кировская область;;в Белой Холунице;;;;
Белгород;;Белгородская область;;в Белгороде;;;;
Белебей;;Башкортостан;;в Белебее;;;;
Белёв;;Тульская область;;в Белёве;;;;
Белинский;;Пензенская область;;в Белинском;;;;
Белово;;Кемеровская область;;в Белово;;;;
Белогорск;;Амурская область;;в Белогорске;;;;
Белогорск;;Крым;;в Белогорске;;;;
Белозерск;;Вологодская область;;в Белозерске;;;;
Белокуриха;;Алтайский край;;в Белокурихе;;;;
Беломорск;;Карелия;;в Беломорске;;;;
Белоозёрский;;Московская область;;в Белоозёрском;;;;
Белорецк;;Башкортостан;;в Белорецке;;;;
Белореченск;;Краснодарский край;;в Белореченске;;;;
Белоусово;;Калужская область;;в Белоусово;;;;
Белоярский;;Ханты-Мансийский АО;;в Белоярском;;;;
Белый;;Тверская область;;в Белом;;;;
Бердск;;Новосибирская область;;в Бердске;;;;
Березники;;Пермский край;;в Березниках;;;;
Берёзовский;;Кемеровская область;;в Берёзовском;;;;
Берёзовский;;Свердловская область;;в Берёзовском;;;;
Беслан;;Северная Осетия;;в Беслане;;;;
Бийск;;Алтайский край;;в Бийске;;;;
Бикин;;Хабаровский край;;в Бикине;;;;
Билибино;;Чукотский АО;;в Билибино;;;;
Биробиджан;;Еврейская АО;;в Биробиджане;;;;
Бирск;;Башкортостан;;в Бирске;;;;
Бирюсинск;;Иркутская область;;в Бирюсинске;;;;
Бирюч;;Белгородская область;;в Бирюче;;;;
Благовещенск;;Башкортостан;;в Благовещенске;;;;
Благовещенск;;Амурская область;;в Благовещенске;;;;
Благодарный;;Ставропольский край;;в Благодарном;;;;
Бобров;;Воронежская область;;в Боброве;;;;
Богданович;;Свердловская область;;в Богдановиче;;;;
Богородицк;;Тульская область;;в Богородицке;;;;
Богородск;;Нижегородская область;;в Богородске;;;;
Боготол;;Красноярский край;;в Боготоле;;;;
Богучар;;Воронежская область;;в Богучаре;;;;
Бодайбо;;Иркутская область;;в Бодайбо;;;;
Бокситогорск;;Ленинградская область;;в Бокситогорске;;;;
Болгар;;Татарстан;;в Болгаре;;;;
Бологое;;Тверская область;;в Бологом;;;;
Болотное;;Новосибирская область;;в Болотном;;;;
Болохово;;Тульская область;;в Болохово;;;;
Болхов;;Орловская область;;в Болхове;;;;
Большой Камень;;Приморский край;;в Большом Камне;;;;
Бор;;Нижегородская область;;в Бору;;;;
Борзя;;Забайкальский край;;в Борзе;;;;
Борисоглебск;;Воронежская область;;в Борисоглебске;;;;
Боровичи;;Новгородская область;;в Боровичах;;;;
Боровск;;Калужская область;;в Боровске;;;;
Бородино;;Красноярский край;;в Бородино;;;;
Братск;;Иркутская область;;в Братске;;;;
Бронницы;;Московская область;;в Бронницах;;;;
Брянск;;Брянская область;;в Брянске;;;;
Бугульма;;Татарстан;;в Бугульме;;;;
Бугуруслан;;Оренбургская область;;в Бугуруслане;;;;
Будённовск;;Ставропольский край;;в Будённовске;;;;
Бузулук;;Оренбургская область;;в Бузулуке;;;;
Буинск;;Татарстан;;в Буинске;;;;
Буй;;Костромская область;;в Буе;;;;
Буйнакск;;Дагестан;;в Буйнакске;;;;
Бутурлиновка;;Воронежская область;;в Бутурлиновке;;;;
Валдай;;Новгородская область;;в Валдае;;;;
Валуйки;;Белгородская область;;в Валуйках;;;;
Велиж;;Смоленская область;;в Велиже;;;;
Великие Луки;;Псковская область;;в Великих Луках;;;;
Великий Новгород;;Новгородская область;;в Великом Новгороде;;;;
Великий Устюг;;Вологодская область;;в Великом Устюге;;;;
Вельск;;Архангельская область;;в Вельске;;;;
Венёв;;Тульская область;;в Венёве;;;;
Верещагино;;Пермский край;;в Верещагино;;;;
Верея;;Московская область;;в Верее;;;;
Верхнеуральск;;Челябинская область;;в Верхнеуральске;;;;
Верхний Тагил;;Свердловская область;;в Верхнем Тагиле;;;;
Верхний Уфалей;;Челябинская область;;в Верхнем Уфалее;;;;
Верхняя Пышма;;Свердловская область;;в Верхней Пышме;;;;
Верхняя Салда;;Свердловская область;;в Верхней Салде;;;;
Верхняя Тура;;Свердловская область;;в Верхней Туре;;;;
Верхотурье;;Свердловская область;;в Верхотурье;;;;
Верхоянск;;Якутия;;в Верхоянске;;;;
Весьегонск;;Тверская область;;в Весьегонске;;;;
Ветлуга;;Нижегородская область;;в Ветлуге;;;;
Видное;;Московская область;;в Видном;;;;
Вилюйск;;Якутия;;в Вилюйске;;;;
Вилючинск;;Камчатский край;;в Вилючинске;;;;
Вихоревка;;Иркутская область;;в Вихоревке;;;;
Вичуга;;Ивановская область;;в Вичуге;;;;
Владивосток;;Приморский край;;во Владивостоке;;;;
Владикавказ;;Северная Осетия;;во Владикавказе;;;;
Владимир;;Владимирская область;;во Владимире;;;;
Волгоград;;Волгоградская область;;в Волгограде;;;;
Волгодонск;;Ростовская область;;в Волгодонске;;;;
Волгореченск;;Костромская область;;в Волгореченске;;;;
Волжск;;Марий Эл;;в Волжске;;;;
Волжский;;Волгоградская область;;в Волжском;;;;
Вологда;;Вологодская область;;в Вологде;;;;
Володарск;;Нижегородская область;;в Володарске;;;;
Волоколамск;;Московская область;;в Волоколамске;;;;
Волосово;;Ленинградская область;;в Волосово;;;;
Волхов;;Ленинградская область;;в Волхове;;;;
Волчанск;;Свердловская область;;в Волчанске;;;;
Вольск;;Саратовская область;;в Вольске;;;;
Воркута;;Коми;;в Воркуте;;;;
Воронеж;;Воронежская область;;в Воронеже;;;;
Ворсма;;Нижегородская область;;в Ворсме;;;;
Воскресенск;;Московская область;;в Воскресенске;;;;
Воткинск;;Удмуртия;;в Воткинске;;;;
Всеволожск;;Ленинградская область;;во Всеволожске;;;;
Вуктыл;;Коми;;в Вуктылу;;;;
Выборг;;Ленинградская область;;в Выборге;;;;
Выкса;;Нижегородская область;;в Выксе;;;;
Высоковск;;Московская область;;в Высоковске;;;;
Высоцк;;Ленинградская область;;в Высоцке;;;;
Вытегра;;Вологодская область;;в Вытегре;;;;
Вышний Волочёк;;Тверская область;;в Вышнем Волочке;;;;
Вяземский;;Хабаровский край;;в Вяземском;;;;
Вязники;;Владимирская область;;в Вязниках;;;;
Вязьма;;Смоленская область;;в Вязьме;;;;
Вятские Поляны;;Кировская область;;на Вятских Полянах;;;;
Гаврилов Посад;;Ивановская область;;в Гаврилове Посаде;;;;
Гаврилов-Ям;;Ярославская область;;в Гаврилов-Яме;;;;
Гагарин;;Смоленская область;;в Гагарине;;;;
Гаджиево;;Мурманская область;;в Гаджиево;;;;
Гай;;Оренбургская область;;в Гае;;;;
Галич;;Костромская область;;в Галиче;;;;
Гатчина;;Ленинградская область;;в Гатчине;;;;
Гвардейск;;Калининградская область;;в Гвардейске;;;;
Гдов;;Псковская область;;в Гдове;;;;
Геленджик;;Краснодарский край;;в Геленджике;;;;
Георгиевск;;Ставропольский край;;в Георгиевске;;;;
Глазов;;Удмуртия;;в Глазове;;;;
Голицыно;;Московская область;;в Голицыно;;;;
Горбатов;;Нижегородская область;;в Горбатове;;;;
Горно-Алтайск;;Алтай;;в Горно-Алтайске;;;;
Горнозаводск;;Пермский край;;в Горнозаводске;;;;
Горняк;;Алтайский край;;в Горняке;;;;
Городец;;Нижегородская область;;в Городце;;;;
Городище;;Пензенская область;;в Городище;;;;
Городовиковск;;Калмыкия;;в Городовиковске;;;;
Гороховец;;Владимирская область;;в Гороховце;;;;
Горячий Ключ;;Краснодарский край;;в Горячем Ключе;;;;
Грайворон;;Белгородская область;;в Грайвороне;;;;
Гремячинск;;Пермский край;;в Гремячинске;;;;
Грозный;;Чечня;;в Грозном;;;;
Грязи;;Липецкая область;;в Грязях;;;;
Грязовец;;Вологодская область;;в Грязовце;;;;
Губаха;;Пермский край;;в Губахе;;;;
Губкин;;Белгородская область;;в Губкине;;;;
Губкинский;;Ямало-Ненецкий АО;;в Губкинском;;;;
Гудермес;;Чечня;;в Гудермесе;;;;
Гуково;;Ростовская область;;в Гуково;;;;
Гулькевичи;;Краснодарский край;;в Гулькевичах;;;;
Гурьевск;;Калининградская область;;в Гурьевске;;;;
Гурьевск;;Кемеровская область;;в Гурьевске;;;;
Гусев;;Калининградская область;;в Гусеве;;;;
Гусиноозёрск;;Бурятия;;в Гусиноозёрске;;;;
Гусь-Хрустальный;;Владимирская область;;в Гусь-Хрустальном;;;;
Давлеканово;;Башкортостан;;в Давлеканово;;;;
Дагестанские Огни;;Дагестан;;в Дагестанских Огнях;;;;
Далматово;;Курганская область;;в Далматово;;;;
Дальнегорск;;Приморский край;;в Дальнегорске;;;;
Дальнереченск;;Приморский край;;в Дальнереченске;;;;
Данилов;;Ярославская область;;в Данилове;;;;
Данков;;Липецкая область;;в Данкове;;;;
Дегтярск;;Свердловская область;;в Дегтярске;;;;
Дедовск;;Московская область;;в Дедовске;;;;
Демидов;;Смоленская область;;в Демидове;;;;
Дербент;;Дагестан;;в Дербенте;;;;
Десногорск;;Смоленская область;;в Десногорске;;;;
Джанкой;;Крым;;в Джанком;;;;
Дзержинск;;Нижегородская область;;в Дзержинске;;;;
Дзержинский;;Московская область;;в Дзержинском;;;;
Дивногорск;;Красноярский край;;в Дивногорске;;;;
Дигора;;Северная Осетия;;в Дигоре;;;;
Димитровград;;Ульяновская область;;в Димитровграде;;;;
Дмитриев;;Курская область;;в Дмитриеве;;;;
Дмитров;;Московская область;;в Дмитрове;;;;
Дмитровск;;Орловская область;;в Дмитровске;;;;
Дно;;Псковская область;;в Дне;;;;
Добрянка;;Пермский край;;в Добрянке;;;;
Долгопрудный;;Московская область;;в Долгопрудном;;;;
Долинск;;Сахалинская область;;в Долинске;;;;
Домодедово;;Московская область;;в Домодедово;;;;
Донецк;;Ростовская область;;в Донецке;;;;
Донской;;Тульская область;;в Донском;;;;
Дорогобуж;;Смоленская область;;в Дорогобуже;;;;
Дрезна;;Московская область;;в Дрезне;;;;
Дубна;;Московская область;;в Дубне;;;;
Дубовка;;Волгоградская область;;в Дубовке;;;;
Дудинка;;Красноярский край;;в Дудинке;;;;
Духовщина;;Смоленская область;;в Духовщине;;;;
Дюртюли;;Башкортостан;;в Дюртюлях;;;;
Дятьково;;Брянская область;;в Дятьково;;;;
Евпатория;;Крым;;в Евпатории;;;;
Егорьевск;;Московская область;;в Егорьевске;;;;
Ейск;;Краснодарский край;;в Ейске;;;;
Екатеринбург;;Свердловская область;;в Екатеринбурге;;;;
Елабуга;;Татарстан;;в Елабуге;;;;
Елец;;Липецкая область;;в Ельце;;;;
Елизово;;Камчатский край;;в Елизово;;;;
Ельня;;Смоленская область;;в Ельне;;;;
Еманжелинск;;Челябинская область;;в Еманжелинске;;;;
Емва;;Коми;;в Емве;;;;
Енисейск;;Красноярский край;;в Енисейске;;;;
Ермолино;;Калужская область;;в Ермолино;;;;
Ершов;;Саратовская область;;в Ершове;;;;
Ессентуки;;Ставропольский край;;в Ессентуках;;;;
Ефремов;;Тульская область;;в Ефремове;;;;
Железноводск;;Ставропольский край;;в Железноводске;;;;
Железногорск;;Красноярский край;;в Железногорске;;;;
Железногорск;;Курская область;;в Железногорске;;;;
Железногорск-Илимский;;Иркутская область;;в Железногорск-Илимском;;;;
Жердевка;;Тамбовская область;;в Жердевке;;;;
Жигулёвск;;Самарская область;;в Жигулёвске;;;;
Жиздра;;Калужская область;;в Жиздре;;;;
Жирновск;;Волгоградская область;;в Жирновске;;;;
Жуков;;Калужская область;;в Жукове;;;;
Жуковка;;Брянская область;;в Жуковке;;;;
Жуковский;;Московская область;;в Жуковском;;;;
Завитинск;;Амурская область;;в Завитинске;;;;
Заводоуковск;;Тюменская область;;в Заводоуковске;;;;
Заволжск;;Ивановская область;;в Заволжске;;;;
Заволжье;;Нижегородская область;;в Заволжье;;;;
Задонск;;Липецкая область;;в Задонске;;;;
Заинск;;Татарстан;;в Заинске;;;;
Закаменск;;Бурятия;;в Закаменске;;;;
Заозёрный;;Красноярский край;;в Заозёрном;;;;
Заозёрск;;Мурманская область;;в Заозёрске;;;;
Западная Двина;;Тверская область;;в Западной Двине;;;;
Заполярный;;Мурманская область;;в Заполярном;;;;
Зарайск;;Московская область;;в Зарайске;;;;
Заречный;;Пензенская область;;в Заречном;;;;
Заречный;;Свердловская область;;в Заречном;;;;
Заринск;;Алтайский край;;в Заринске;;;;
Звенигово;;Марий Эл;;в Звенигово;;;;
Звенигород;;Московская область;;в Звенигороде;;;;
Зверево;;Ростовская область;;в Зверево;;;;
Зеленогорск;;Красноярский край;;в Зеленогорске;;;;
Зеленоградск;;Калининградская область;;в Зеленоградске;;;;
Зеленодольск;;Татарстан;;в Зеленодольске;;;;
Зеленокумск;;Ставропольский край;;в Зеленокумске;;;;
Зерноград;;Ростовская область;;в Зернограде;;;;
Зея;;Амурская область;;в Зее;;;;
Зима;;Иркутская область;;в Зиме;;;;
Златоуст;;Челябинская область;;в Златоусте;;;;
Злынка;;Брянская область;;в Злынке;;;;
Змеиногорск;;Алтайский край;;в Змеиногорске;;;;
Знаменск;;Астраханская область;;в Знаменске;;;;
Зубцов;;Тверская область;;в Зубцове;;;;
Зуевка;;Кировская область;;в Зуевке;;;;
Ивангород;;Ленинградская область;;в Ивангороде;;;;
Иваново;;Ивановская область;;в Иваново;;;;
Ивантеевка;;Московская область;;в Ивантеевке;;;;
Ивдель;;Свердловская область;;в Ивделе;;;;
Игарка;;Красноярский край;;в Игарке;;;;
Ижевск;;Удмуртия;;в Ижевске;;;;
Избербаш;;Дагестан;;в Избербаше;;;;
Изобильный;;Ставропольский край;;в Изобильном;;;;
Иланский;;Красноярский край;;в Иланском;;;;
Инза;;Ульяновская область;;в Инзе;;;;
Иннополис;;Татарстан;;в Иннополисе;;;;
Инсар;;Мордовия;;в Инсаре;;;;
Инта;;Коми;;в Инте;;;;
Ипатово;;Ставропольский край;;в Ипатово;;;;
Ирбит;;Свердловская область;;в Ирбите;;;;
Иркутск;;Иркутская область;;в Иркутске;;;;
Исилькуль;;Омская область;;в Исилькуле;;;;
Искитим;;Новосибирская область;;в Искитиме;;;;
Истра;;Московская область;;в Истре;;;;
Ишим;;Тюменская область;;в Ишиме;;;;
Ишимбай;;Башкортостан;;в Ишимбае;;;;
Йошкар-Ола;;Марий Эл;;в Йошкар-Оле;;;;
Кадников;;Вологодская область;;в Кадникове;;;;
Казань;;Татарстан;;в Казани;;;;
Калач;;Воронежская область;;в Калаче;;;;
Калач-на-Дону;;Волгоградская область;;в Калач-на-Дону;;;;
Калачинск;;Омская область;;в Калачинске;;;;
Калининград;;Калининградская область;;в Калининграде;;;;
Калининск;;Саратовская область;;в Калининске;;;;
Калтан;;Кемеровская область;;в Калтане;;;;
Калуга;;Калужская область;;в Калуге;;;;
Калязин;;Тверская область;;в Калязине;;;;
Камбарка;;Удмуртия;;в Камбарке;;;;
Каменка;;Пензенская область;;в Каменке;;;;
Каменногорск;;Ленинградская область;;в Каменногорске;;;;
Каменск-Уральский;;Свердловская область;;в Каменск-Уральском;;;;
Каменск-Шахтинский;;Ростовская область;;в Каменск-Шахтинском;;;;
Камень-на-Оби;;Алтайский край;;в Камень-на-Оби;;;;
Камешково;;Владимирская область;;в Камешково;;;;
Камызяк;;Астраханская область;;в Камызяке;;;;
Камышин;;Волгоградская область;;в Камышине;;;;
Камышлов;;Свердловская область;;в Камышлове;;;;
Канаш;;Чувашия;;в Канаше;;;;
Кандалакша;;Мурманская область;;в Кандалакше;;;;
Канск;;Красноярский край;;в Канске;;;;
Карабаново;;Владимирская область;;в Карабаново;;;;
Карабаш;;Челябинская область;;в Карабаше;;;;
Карабулак;;Ингушетия;;в Карабулаке;;;;
Карасук;;Новосибирская область;;в Карасуке;;;;
Карачаевск;;Карачаево-Черкесия;;в Карачаевске;;;;
Карачев;;Брянская область;;в Карачеве;;;;
Каргат;;Новосибирская область;;в Каргате;;;;
Каргополь;;Архангельская область;;в Каргополе;;;;
Карпинск;;Свердловская область;;в Карпинске;;;;
Карталы;;Челябинская область;;в Карталах;;;;
Касимов;;Рязанская область;;в Касимове;;;;
Касли;;Челябинская область;;в Каслях;;;;
Каспийск;;Дагестан;;в Каспийске;;;;
Катав-Ивановск;;Челябинская область;;в Катав-Ивановске;;;;
Катайск;;Курганская область;;в Катайске;;;;
Качканар;;Свердловская область;;в Качканаре;;;;
Кашин;;Тверская область;;в Кашине;;;;
Кашира;;Московская область;;в Кашире;;;;
Кедровый;;Томская область;;в Кедровом;;;;
Кемерово;;Кемеровская область;;в Кемерово;;;;
Кемь;;Карелия;;в Кеми;;;;
Керчь;;Крым;;в Керчи;;;;
Кизел;;Пермский край;;в Кизеле;;;;
Кизилюрт;;Дагестан;;в Кизилюрте;;;;
Кизляр;;Дагестан;;в Кизляре;;;;
Кимовск;;Тульская область;;в Кимовске;;;;
Кимры;;Тверская область;;в Кимрах;;;;
Кингисепп;;Ленинградская область;;в Кингисеппе;;;;
Кинель;;Самарская область;;в Кинеле;;;;
Кинешма;;Ивановская область;;в Кинешме;;;;
Киреевск;;Тульская область;;в Киреевске;;;;
Киренск;;Иркутская область;;в Киренске;;;;
Киржач;;Владимирская область;;в Киржаче;;;;
Кириллов;;Вологодская область;;в Кириллове;;;;
Кириши;;Ленинградская область;;в Киришах;;;;
Киров;;Калужская область;;в Кирове;;;;
Киров;;Кировская область;;в Кирове;;;;
Кировград;;Свердловская область;;в Кировграде;;;;
Кирово-Чепецк;;Кировская область;;в Кирово-Чепецке;;;;
Кировск;;Ленинградская область;;в Кировске;;;;
Кировск;;Мурманская область;;в Кировске;;;;
Кирс;;Кировская область;;в Кирсе;;;;
Кирсанов;;Тамбовская область;;в Кирсанове;;;;
Киселёвск;;Кемеровская область;;в Киселёвске;;;;
Кисловодск;;Ставропольский край;;в Кисловодске;;;;
Клин;;Московская область;;в Клине;;;;
Клинцы;;Брянская область;;в Клинцах;;;;
Княгинино;;Нижегородская область;;в Княгинино;;;;
Ковдор;;Мурманская область;;в Ковдоре;;;;
Ковров;;Владимирская область;;в Коврове;;;;
Ковылкино;;Мордовия;;в Ковылкино;;;;
Когалым;;Ханты-Мансийский АО;;в Когалыме;;;;
Кодинск;;Красноярский край;;в Кодинске;;;;
Козельск;;Калужская область;;в Козельске;;;;
Козловка;;Чувашия;;в Козловке;;;;
Козьмодемьянск;;Марий Эл;;в Козьмодемьянске;;;;
Кола;;Мурманская область;;в Коле;;;;
Кологрив;;Костромская область;;в Кологриве;;;;
Коломна;;Московская область;;в Коломне;;;;
Колпашево;;Томская область;;в Колпашево;;;;
Колтуши;;Ленинградская область;;в Колтушах;;;;
Кольчугино;;Владимирская область;;в Кольчугино;;;;
Коммунар;;Ленинградская область;;в Коммунаре;;;;
Комсомольск;;Ивановская область;;в Комсомольске;;;;
Комсомольск-на-Амуре;;Хабаровский край;;в Комсомольск-на-Амуре;;;;
Конаково;;Тверская область;;в Конаково;;;;
Кондопога;;Карелия;;в Кондопоге;;;;
Кондрово;;Калужская область;;в Кондрово;;;;
Константиновск;;Ростовская область;;в Константиновске;;;;
Копейск;;Челябинская область;;в Копейске;;;;
Кораблино;;Рязанская область;;в Кораблино;;;;
Кореновск;;Краснодарский край;;в Кореновске;;;;
Коркино;;Челябинская область;;в Коркино;;;;
Королёв;;Московская область;;в Королёве;;;;
Короча;;Белгородская область;;в Короче;;;;
Корсаков;;Сахалинская область;;в Корсакове;;;;
Коряжма;;Архангельская область;;в Коряжме;;;;
Костерёво;;Владимирская область;;в Костерёво;;;;
Костомукша;;Карелия;;в Костомукше;;;;
Кострома;;Костромская область;;в Костроме;;;;
Котельники;;Московская область;;в Котельниках;;;;
Котельниково;;Волгоградская область;;в Котельниково;;;;
Котельнич;;Кировская область;;в Котельниче;;;;
Котлас;;Архангельская область;;в Котласе;;;;
Котово;;Волгоградская область;;в Котово;;;;
Котовск;;Тамбовская область;;в Котовске;;;;
Кохма;;Ивановская область;;в Кохме;;;;
Красавино;;Вологодская область;;в Красавино;;;;
Красноармейск;;Московская область;;в Красноармейске;;;;
Красноармейск;;Саратовская область;;в Красноармейске;;;;
Красновишерск;;Пермский край;;в Красновишерске;;;;
Красногорск;;Московская область;;в Красногорске;;;;
Краснодар;;Краснодарский край;;в Краснодаре;;;;
Краснозаводск;;Московская область;;в Краснозаводске;;;;
Краснознаменск;;Калининградская область;;в Краснознаменске;;;;
Краснознаменск;;Московская область;;в Краснознаменске;;;;
Краснокаменск;;Забайкальский край;;в Краснокаменске;;;;
Краснокамск;;Пермский край;;в Краснокамске;;;;
Красноперекопск;;Крым;;в Красноперекопске;;;;
Краснослободск;;Волгоградская область;;в Краснослободске;;;;
Краснослободск;;Мордовия;;в Краснослободске;;;;
Краснотурьинск;;Свердловская область;;в Краснотурьинске;;;;
Красноуральск;;Свердловская область;;в Красноуральске;;;;
Красноуфимск;;Свердловская область;;в Красноуфимске;;;;
Красноярск;;Красноярский край;;в Красноярске;;;;
Красный Кут;;Саратовская область;;в Красном Куте;;;;
Красный Сулин;;Ростовская область;;в Красном Сулине;;;;
Красный Холм;;Тверская область;;в Красном Холме;;;;
Кремёнки;;Калужская область;;в Кремёнках;;;;
Кропоткин;;Краснодарский край;;в Кропоткине;;;;
Крымск;;Краснодарский край;;в Крымске;;;;
Кстово;;Нижегородская область;;в Кстово;;;;
Кубинка;;Московская область;;в Кубинке;;;;
Кувандык;;Оренбургская область;;в Кувандыке;;;;
Кувшиново;;Тверская область;;в Кувшиново;;;;
Кудрово;;Ленинградская область;;в Кудрово;;;;
Кудымкар;;Пермский край;;в Кудымкаре;;;;
Кузнецк;;Пензенская область;;в Кузнецке;;;;
Куйбышев;;Новосибирская область;;в Куйбышеве;;;;
Кукмор;;Татарстан;;в Кукморе;;;;
Кулебаки;;Нижегородская область;;в Кулебаках;;;;
Кумертау;;Башкортостан;;в Кумертау;;;;
Кунгур;;Пермский край;;в Кунгуре;;;;
Купино;;Новосибирская область;;в Купино;;;;
Курган;;Курганская область;;в Кургане;;;;
Курганинск;;Краснодарский край;;в Курганинске;;;;
Курильск;;Сахалинская область;;в Курильске;;;;
Курлово;;Владимирская область;;в Курлово;;;;
Куровское;;Московская область;;в Куровском;;;;
Курск;;Курская область;;в Курске;;;;
Куртамыш;;Курганская область;;в Куртамыше;;;;
Курчалой;;Чечня;;в Курчалом;;;;
Курчатов;;Курская область;;в Курчатове;;;;
Куса;;Челябинская область;;в Кусе;;;;
Кушва;;Свердловская область;;в Кушве;;;;
Кызыл;;Тыва;;в Кызыле;;;;
Кыштым;;Челябинская область;;в Кыштыме;;;;
Кяхта;;Бурятия;;в Кяхте;;;;
Лабинск;;Краснодарский край;;в Лабинске;;;;
Лабытнанги;;Ямало-Ненецкий АО;;в Лабытнанги;;;;
Лагань;;Калмыкия;;в Лагани;;;;
Ладушкин;;Калининградская область;;в Ладушкине;;;;
Лаишево;;Татарстан;;в Лаишево;;;;
Лакинск;;Владимирская область;;в Лакинске;;;;
Лангепас;;Ханты-Мансийский АО;;в Лангепасе;;;;
Лахденпохья;;Карелия;;в Лахденпохье;;;;
Лебедянь;;Липецкая область;;в Лебедяни;;;;
Лениногорск;;Татарстан;;в Лениногорске;;;;
Ленинск;;Волгоградская область;;в Ленинске;;;;
Ленинск-Кузнецкий;;Кемеровская область;;в Ленинск-Кузнецком;;;;
Ленск;;Якутия;;в Ленске;;;;
Лермонтов;;Ставропольский край;;в Лермонтове;;;;
Лесной;;Свердловская область;;в Лесном;;;;
Лесозаводск;;Приморский край;;в Лесозаводске;;;;
Лесосибирск;;Красноярский край;;в Лесосибирске;;;;
Ливны;;Орловская область;;в Ливнах;;;;
Ликино-Дулёво;;Московская область;;в Ликино-Дулёво;;;;
Липецк;;Липецкая область;;в Липецке;;;;
Липки;;Тульская область;;в Липках;;;;
Лиски;;Воронежская область;;в Лисках;;;;
Лихославль;;Тверская область;;в Лихославле;;;;
Лобня;;Московская область;;в Лобне;;;;
Лодейное Поле;;Ленинградская область;;в Лодейном Поле;;;;
Лосино-Петровский;;Московская область;;в Лосино-Петровском;;;;
Луга;;Ленинградская область;;в Луге;;;;
Луза;;Кировская область;;в Лузе;;;;
Лукоянов;;Нижегородская область;;в Лукоянове;;;;
Луховицы;;Московская область;;в Луховицах;;;;
Лысково;;Нижегородская область;;в Лысково;;;;
Лысьва;;Пермский край;;в Лысьве;;;;
Лыткарино;;Московская область;;в Лыткарино;;;;
Льгов;;Курская область;;в Льгове;;;;
Любань;;Ленинградская область;;в Любани;;;;
Люберцы;;Московская область;;в Люберцах;;;;
Любим;;Ярославская область;;в Любиме;;;;
Людиново;;Калужская область;;в Людиново;;;;
Лянтор;;Ханты-Мансийский АО;;в Лянторе;;;;
Магадан;;Магаданская область;;в Магадане;;;;
Магас;;Ингушетия;;в Магасе;;;;
Магнитогорск;;Челябинская область;;в Магнитогорске;;;;
Майкоп;;Адыгея;;в Майкопе;;;;
Майский;;Кабардино-Балкария;;в Майском;;;;
Макаров;;Сахалинская область;;в Макарове;;;;
Макарьев;;Костромская область;;в Макарьеве;;;;
Макушино;;Курганская область;;в Макушино;;;;
Малая Вишера;;Новгородская область;;в Малой Вишере;;;;
Малгобек;;Ингушетия;;в Малгобеке;;;;
Малмыж;;Кировская область;;в Малмыже;;;;
Малоархангельск;;Орловская область;;в Малоархангельске;;;;
Малоярославец;;Калужская область;;в Малоярославце;;;;
Мамадыш;;Татарстан;;в Мамадыше;;;;
Мамоново;;Калининградская область;;в Мамоново;;;;
Мантурово;;Костромская область;;в Мантурово;;;;
Мариинск;;Кемеровская область;;в Мариинске;;;;
Мариинский Посад;;Чувашия;;в Мариинском Посаде;;;;
Маркс;;Саратовская область;;в Марксе;;;;
Махачкала;;Дагестан;;в Махачкале;;;;
Мглин;;Брянская область;;в Мглине;;;;
Мегион;;Ханты-Мансийский АО;;в Мегионе;;;;
Медвежьегорск;;Карелия;;в Медвежьегорске;;;;
Медногорск;;Оренбургская область;;в Медногорске;;;;
Медынь;;Калужская область;;в Медыни;;;;
Межгорье;;Башкортостан;;в Межгорье;;;;
Междуреченск;;Кемеровская область;;в Междуреченске;;;;
Мезень;;Архангельская область;;в Мезени;;;;
Меленки;;Владимирская область;;в Меленках;;;;
Мелеуз;;Башкортостан;;в Мелеузе;;;;
Менделеевск;;Татарстан;;в Менделеевске;;;;
Мензелинск;;Татарстан;;в Мензелинске;;;;
Мещовск;;Калужская область;;в Мещовске;;;;
Миасс;;Челябинская область;;в Миассе;;;;
Микунь;;Коми;;в Микуне;;;;
Миллерово;;Ростовская область;;в Миллерово;;;;
Минеральные Воды;;Ставропольский край;;в Минеральных Водах;;;;
Минусинск;;Красноярский край;;в Минусинске;;;;
Миньяр;;Челябинская область;;в Миньяре;;;;
Мирный;;Якутия;;в Мирном;;;;
Мирный;;Архангельская область;;в Мирном;;;;
Михайлов;;Рязанская область;;в Михайлове;;;;
Михайловка;;Волгоградская область;;в Михайловке;;;;
Михайловск;;Свердловская область;;в Михайловске;;;;
Михайловск;;Ставропольский край;;в Михайловске;;;;
Мичуринск;;Тамбовская область;;в Мичуринске;;;;
Могоча;;Забайкальский край;;в Могоче;;;;
Можайск;;Московская область;;в Можайске;;;;
Можга;;Удмуртия;;в Можге;;;;
Моздок;;Северная Осетия;;в Моздоке;;;;
Мончегорск;;Мурманская область;;в Мончегорске;;;;
Морозовск;;Ростовская область;;в Морозовске;;;;
Моршанск;;Тамбовская область;;в Моршанске;;;;
Мосальск;;Калужская область;;в Мосальске;;;;
Москва;;Москва;;в Москве;;;;
Муравленко;;Ямало-Ненецкий АО;;в Муравленко;;;;
Мураши;;Кировская область;;в Мурашах;;;;
Мурино;;Ленинградская область;;в Мурино;;;;
Мурманск;;Мурманская область;;в Мурманске;;;;
Муром;;Владимирская область;;в Муроме;;;;
Мценск;;Орловская область;;в Мценске;;;;
Мыски;;Кемеровская область;;в Мысках;;;;
Мытищи;;Московская область;;в Мытищах;;;;
Мышкин;;Ярославская область;;в Мышкине;;;;
Набережные Челны;;Татарстан;;в Набережных Челнах;;;;
Навашино;;Нижегородская область;;в Навашино;;;;
Наволоки;;Ивановская область;;в Наволоках;;;;
Надым;;Ямало-Ненецкий АО;;в Надыме;;;;
Назарово;;Красноярский край;;в Назарово;;;;
Назрань;;Ингушетия;;в Назрани;;;;
Называевск;;Омская область;;в Называевске;;;;
Нальчик;;Кабардино-Балкария;;в Нальчике;;;;
Нариманов;;Астраханская область;;в Нариманове;;;;
Наро-Фоминск;;Московская область;;в Наро-Фоминске;;;;
Нарткала;;Кабардино-Балкария;;в Нарткале;;;;
Нарьян-Мар;;Ненецкий АО;;в Нарьян-Маре;;;;
Находка;;Приморский край;;в Находке;;;;
Невель;;Псковская область;;в Невеле;;;;
Невельск;;Сахалинская область;;в Невельске;;;;
Невинномысск;;Ставропольский край;;в Невинномысске;;;;
Невьянск;;Свердловская область;;в Невьянске;;;;
Нелидово;;Тверская область;;в Нелидово;;;;
Неман;;Калининградская область;;в Немане;;;;
Нерехта;;Костромская область;;в Нерехте;;;;
Нерчинск;;Забайкальский край;;в Нерчинске;;;;
Нерюнгри;;Якутия;;в Нерюнгри;;;;
Нестеров;;Калининградская область;;в Нестерове;;;;
Нефтегорск;;Самарская область;;в Нефтегорске;;;;
Нефтекамск;;Башкортостан;;в Нефтекамске;;;;
Нефтекумск;;Ставропольский край;;в Нефтекумске;;;;
Нефтеюганск;;Ханты-Мансийский АО;;в Нефтеюганске;;;;
Нея;;Костромская область;;в Нее;;;;
Нижневартовск;;Ханты-Мансийский АО;;в Нижневартовске;;;;
Нижнекамск;;Татарстан;;в Нижнекамске;;;;
Нижнеудинск;;Иркутская область;;в Нижнеудинске;;;;
Нижние Серги;;Свердловская область;;в Нижних Сергах;;;;
Нижний Ломов;;Пензенская область;;в Нижнем Ломове;;;;
Нижний Новгород;;Нижегородская область;;в Нижнем Новгороде;;;;
Нижний Тагил;;Свердловская область;;в Нижнем Тагиле;;;;
Нижняя Салда;;Свердловская область;;в Нижней Салде;;;;
Нижняя Тура;;Свердловская область;;в Нижней Туре;;;;
Николаевск;;Волгоградская область;;в Николаевске;;;;
Николаевск-на-Амуре;;Хабаровский край;;в Николаевск-на-Амуре;;;;
Никольск;;Вологодская область;;в Никольске;;;;
Никольск;;Пензенская область;;в Никольске;;;;
Никольское;;Ленинградская область;;в Никольском;;;;
Новая Ладога;;Ленинградская область;;в Новой Ладоге;;;;
Новая Ляля;;Свердловская область;;в Новой Ляле;;;;
Новоалександровск;;Ставропольский край;;в Новоалександровске;;;;
Новоалтайск;;Алтайский край;;в Новоалтайске;;;;
Новоаннинский;;Волгоградская область;;в Новоаннинском;;;;
Нововоронеж;;Воронежская область;;в Нововоронеже;;;;
Новодвинск;;Архангельская область;;в Новодвинске;;;;
Новозыбков;;Брянская область;;в Новозыбкове;;;;
Новокубанск;;Краснодарский край;;в Новокубанске;;;;
Новокузнецк;;Кемеровская область;;в Новокузнецке;;;;
Новокуйбышевск;;Самарская область;;в Новокуйбышевске;;;;
Новомичуринск;;Рязанская область;;в Новомичуринске;;;;
Новомосковск;;Тульская область;;в Новомосковске;;;;
Новопавловск;;Ставропольский край;;в Новопавловске;;;;
Новоржев;;Псковская область;;в Новоржеве;;;;
Новороссийск;;Краснодарский край;;в Новороссийске;;;;
Новосибирск;;Новосибирская область;;в Новосибирске;;;;
Новосиль;;Орловская область;;в Новосиле;;;;
Новосокольники;;Псковская область;;в Новосокольниках;;;;
Новотроицк;;Оренбургская область;;в Новотроицке;;;;
Новоузенск;;Саратовская область;;в Новоузенске;;;;
Новоульяновск;;Ульяновская область;;в Новоульяновске;;;;
Новоуральск;;Свердловская область;;в Новоуральске;;;;
Новохопёрск;;Воронежская область;;в Новохопёрске;;;;
Новочебоксарск;;Чувашия;;в Новочебоксарске;;;;
Новочеркасск;;Ростовская область;;в Новочеркасске;;;;
Новошахтинск;;Ростовская область;;в Новошахтинске;;;;
Новый Оскол;;Белгородская область;;в Новом Осколе;;;;
Новый Уренгой;;Ямало-Ненецкий АО;;в Новом Уренгое;;;;
Ногинск;;Московская область;;в Ногинске;;;;
Нолинск;;Кировская область;;в Нолинске;;;;
Норильск;;Красноярский край;;в Норильске;;;;
Ноябрьск;;Ямало-Ненецкий АО;;в Ноябрьске;;;;
Нурлат;;Татарстан;;в Нурлате;;;;
Нытва;;Пермский край;;в Нытве;;;;
Нюрба;;Якутия;;в Нюрбе;;;;
Нягань;;Ханты-Мансийский АО;;в Нягани;;;;
Нязепетровск;;Челябинская область;;в Нязепетровске;;;;
Няндома;;Архангельская область;;в Няндоме;;;;
Облучье;;Еврейская АО;;в Облучье;;;;
Обнинск;;Калужская область;;в Обнинске;;;;
Обоянь;;Курская область;;в Обояни;;;;
Обь;;Новосибирская область;;в Оби;;;;
Одинцово;;Московская область;;в Одинцово;;;;
Озёрск;;Калининградская область;;в Озёрске;;;;
Озёрск;;Челябинская область;;в Озёрске;;;;
Озёры;;Московская область;;в Озёрах;;;;
Октябрьск;;Самарская область;;в Октябрьске;;;;
Октябрьский;;Башкортостан;;в Октябрьском;;;;
Окуловка;;Новгородская область;;в Окуловке;;;;
Олёкминск;;Якутия;;в Олёкминске;;;;
Оленегорск;;Мурманская область;;в Оленегорске;;;;
Олонец;;Карелия;;в Олонце;;;;
Омск;;Омская область;;в Омске;;;;
Омутнинск;;Кировская область;;в Омутнинске;;;;
Онега;;Архангельская область;;в Онеге;;;;
Опочка;;Псковская область;;в Опочке;;;;
Орёл;;Орловская область;;в Орле;;;;
Оренбург;;Оренбургская область;;в Оренбурге;;;;
Орехово-Зуево;;Московская область;;в Орехово-Зуево;;;;
Орлов;;Кировская область;;в Орлове;;;;
Орск;;Оренбургская область;;в Орске;;;;
Оса;;Пермский край;;в Осе;;;;
Осинники;;Кемеровская область;;в Осинниках;;;;
Осташков;;Тверская область;;в Осташкове;;;;
Остров;;Псковская область;;на Острове;;;;
Островной;;Мурманская область;;в Островном;;;;
Острогожск;;Воронежская область;;в Острогожске;;;;
Отрадное;;Ленинградская область;;в Отрадном;;;;
Отрадный;;Самарская область;;в Отрадном;;;;
Оха;;Сахалинская область;;в Охе;;;;
Оханск;;Пермский край;;в Оханске;;;;
Очёр;;Пермский край;;в Очёре;;;;
Павлово;;Нижегородская область;;в Павлово;;;;
Павловск;;Воронежская область;;в Павловске;;;;
Павловский Посад;;Московская область;;в Павловском Посаде;;;;
Палласовка;;Волгоградская область;;в Палласовке;;;;
Партизанск;;Приморский край;;в Партизанске;;;;
Певек;;Чукотский АО;;в Певеке;;;;
Пенза;;Пензенская область;;в Пензе;;;;
Первомайск;;Нижегородская область;;в Первомайске;;;;
Первоуральск;;Свердловская область;;в Первоуральске;;;;
Перевоз;;Нижегородская область;;в Перевозе;;;;
Пересвет;;Московская область;;в Пересвете;;;;
Переславль-Залесский;;Ярославская область;;в Переславль-Залесском;;;;
Пермь;;Пермский край;;в Перми;;;;
Пестово;;Новгородская область;;в Пестово;;;;
Петров Вал;;Волгоградская область;;в Петрове Валу;;;;
Петровск;;Саратовская область;;в Петровске;;;;
Петровск-Забайкальский;;Забайкальский край;;в Петровск-Забайкальском;;;;
Петрозаводск;;Карелия;;в Петрозаводске;;;;
Петропавловск-Камчатский;;Камчатский край;;в Петропавловск-Камчатском;;;;
Петухово;;Курганская область;;в Петухово;;;;
Петушки;;Владимирская область;;в Петушках;;;;
Печора;;Коми;;в Печоре;;;;
Печоры;;Псковская область;;в Печорах;;;;
Пикалёво;;Ленинградская область;;в Пикалёво;;;;
Пионерский;;Калининградская область;;в Пионерском;;;;
Питкяранта;;Карелия;;в Питкяранте;;;;
Плавск;;Тульская область;;в Плавске;;;;
Пласт;;Челябинская область;;в Пласте;;;;
Плёс;;Ивановская область;;в Плёсе;;;;
Поворино;;Воронежская область;;в Поворино;;;;
Подольск;;Московская область;;в Подольске;;;;
Подпорожье;;Ленинградская область;;в Подпорожье;;;;
Покачи;;Ханты-Мансийский АО;;в Покачах;;;;
Покров;;Владимирская область;;в Покрове;;;;
Покровск;;Якутия;;в Покровске;;;;
Полевской;;Свердловская область;;в Полевском;;;;
Полесск;;Калининградская область;;в Полесске;;;;
Полысаево;;Кемеровская область;;в Полысаево;;;;
Полярные Зори;;Мурманская область;;в Полярных Зорях;;;;
Полярный;;Мурманская область;;в Полярном;;;;
Поронайск;;Сахалинская область;;в Поронайске;;;;
Порхов;;Псковская область;;в Порхове;;;;
Похвистнево;;Самарская область;;в Похвистнево;;;;
Почеп;;Брянская область;;в Почепе;;;;
Починок;;Смоленская область;;в Починке;;;;
Пошехонье;;Ярославская область;;в Пошехонье;;;;
Правдинск;;Калининградская область;;в Правдинске;;;;
Приволжск;;Ивановская область;;в Приволжске;;;;
Приморск;;Калининградская область;;в Приморске;;;;
Приморск;;Ленинградская область;;в Приморске;;;;
Приморско-Ахтарск;;Краснодарский край;;в Приморско-Ахтарске;;;;
Приозерск;;Ленинградская область;;в Приозерске;;;;
Прокопьевск;;Кемеровская область;;в Прокопьевске;;;;
Пролетарск;;Ростовская область;;в Пролетарске;;;;
Протвино;;Московская область;;в Протвино;;;;
Прохладный;;Кабардино-Балкария;;в Прохладном;;;;
Псков;;Псковская область;;в Пскове;;;;
Пугачёв;;Саратовская область;;в Пугачёве;;;;
Пудож;;Карелия;;в Пудоже;;;;
Пустошка;;Псковская область;;в Пустошке;;;;
Пучеж;;Ивановская область;;в Пучеже;;;;
Пушкино;;Московская область;;в Пушкино;;;;
Пущино;;Московская область;;в Пущино;;;;
Пыталово;;Псковская область;;в Пыталово;;;;
Пыть-Ях;;Ханты-Мансийский АО;;в Пыть-Яхе;;;;
Пятигорск;;Ставропольский край;;в Пятигорске;;;;
Радужный;;Владимирская область;;в Радужном;;;;
Радужный;;Ханты-Мансийский АО;;в Радужном;;;;
Райчихинск;;Амурская область;;в Райчихинске;;;;
Раменское;;Московская область;;в Раменском;;;;
Рассказово;;Тамбовская область;;в Рассказово;;;;
Ревда;;Свердловская область;;в Ревде;;;;
Реж;;Свердловская область;;в Реже;;;;
Реутов;;Московская область;;в Реутове;;;;
Ржев;;Тверская область;;в Ржеве;;;;
Родники;;Ивановская область;;в Родниках;;;;
Рославль;;Смоленская область;;в Рославле;;;;
Россошь;;Воронежская область;;в Россоши;;;;
Ростов-на-Дону;;Ростовская область;;в Ростов-на-Дону;;;;
Ростов;;Ярославская область;;в Ростове;;;;
Рошаль;;Московская область;;в Рошале;;;;
Ртищево;;Саратовская область;;в Ртищево;;;;
Рубцовск;;Алтайский край;;в Рубцовске;;;;
Рудня;;Смоленская область;;в Рудне;;;;
Руза;;Московская область;;в Рузе;;;;
Рузаевка;;Мордовия;;в Рузаевке;;;;
Рыбинск;;Ярославская область;;в Рыбинске;;;;
Рыбное;;Рязанская область;;в Рыбном;;;;
Рыльск;;Курская область;;в Рыльске;;;;
Ряжск;;Рязанская область;;в Ряжске;;;;
Рязань;;Рязанская область;;в Рязани;;;;
Саки;;Крым;;в Саках;;;;
Салават;;Башкортостан;;в Салавате;;;;
Салаир;;Кемеровская область;;в Салаире;;;;
Салехард;;Ямало-Ненецкий АО;;в Салехарде;;;;
Сальск;;Ростовская область;;в Сальске;;;;
Самара;;Самарская область;;в Самаре;;;;
Санкт-Петербург;;Санкт-Петербург;;в Санкт-Петербурге;;;;
Саранск;;Мордовия;;в Саранске;;;;
Сарапул;;Удмуртия;;в Сарапуле;;;;
Саратов;;Саратовская область;;в Саратове;;;;
Саров;;Нижегородская область;;в Сарове;;;;
Сасово;;Рязанская область;;в Сасово;;;;
Сатка;;Челябинская область;;в Сатке;;;;
Сафоново;;Смоленская область;;в Сафоново;;;;
Саяногорск;;Хакасия;;в Саяногорске;;;;
Саянск;;Иркутская область;;в Саянске;;;;
Светлогорск;;Калининградская область;;в Светлогорске;;;;
Светлоград;;Ставропольский край;;в Светлограде;;;;
Светлый;;Калининградская область;;в Светлом;;;;
Светогорск;;Ленинградская область;;в Светогорске;;;;
Свирск;;Иркутская область;;в Свирске;;;;
Свободный;;Амурская область;;в Свободном;;;;
Себеж;;Псковская область;;в Себеже;;;;
Севастополь;;Севастополь;;в Севастополе;;;;
Северо-Курильск;;Сахалинская область;;в Северо-Курильске;;;;
Северобайкальск;;Бурятия;;в Северобайкальске;;;;
Северодвинск;;Архангельская область;;в Северодвинске;;;;
Североморск;;Мурманская область;;в Североморске;;;;
Североуральск;;Свердловская область;;в Североуральске;;;;
Северск;;Томская область;;в Северске;;;;
Севск;;Брянская область;;в Севске;;;;
Сегежа;;Карелия;;в Сегеже;;;;
Сельцо;;Брянская область;;в Сельце;;;;
Семёнов;;Нижегородская область;;в Семёнове;;;;
Семикаракорск;;Ростовская область;;в Семикаракорске;;;;
Семилуки;;Воронежская область;;в Семилуках;;;;
Сенгилей;;Ульяновская область;;в Сенгилее;;;;
Серафимович;;Волгоградская область;;в Серафимовиче;;;;
Сергач;;Нижегородская область;;в Сергаче;;;;
Сергиев Посад;;Московская область;;в Сергиеве Посаде;;;;
Сердобск;;Пензенская область;;в Сердобске;;;;
Серов;;Свердловская область;;в Серове;;;;
Серпухов;;Московская область;;в Серпухове;;;;
Сертолово;;Ленинградская область;;в Сертолово;;;;
Сибай;;Башкортостан;;в Сибае;;;;
Сим;;Челябинская область;;в Симе;;;;
Симферополь;;Крым;;в Симферополе;;;;
Сковородино;;Амурская область;;в Сковородино;;;;
Скопин;;Рязанская область;;в Скопине;;;;
Славгород;;Алтайский край;;в Славгороде;;;;
Славск;;Калининградская область;;в Славске;;;;
Славянск-на-Кубани;;Краснодарский край;;на Славянск-на-Кубанях;;;;
Сланцы;;Ленинградская область;;в Сланцах;;;;
Слободской;;Кировская область;;в Слободском;;;;
Слюдянка;;Иркутская область;;в Слюдянке;;;;
Смоленск;;Смоленская область;;в Смоленске;;;;
Снежинск;;Челябинская область;;в Снежинске;;;;
Снежногорск;;Мурманская область;;в Снежногорске;;;;
Собинка;;Владимирская область;;в Собинке;;;;
Советск;;Калининградская область;;в Советске;;;;
Советск;;Кировская область;;в Советске;;;;
Советск;;Тульская область;;в Советске;;;;
Советская Гавань;;Хабаровский край;;в Советской Гавани;;;;
Советский;;Ханты-Мансийский АО;;в Советском;;;;
Сокол;;Вологодская область;;в Соколе;;;;
Солигалич;;Костромская область;;в Солигаличе;;;;
Соликамск;;Пермский край;;в Соликамске;;;;
Солнечногорск;;Московская область;;в Солнечногорске;;;;
Соль-Илецк;;Оренбургская область;;в Соль-Илецке;;;;
Сольвычегодск;;Архангельская область;;в Сольвычегодске;;;;
Сольцы;;Новгородская область;;в Сольцах;;;;
Сорочинск;;Оренбургская область;;в Сорочинске;;;;
Сорск;;Хакасия;;в Сорске;;;;
Сортавала;;Карелия;;в Сортавале;;;;
Сосенский;;Калужская область;;в Сосенском;;;;
Сосновка;;Кировская область;;в Сосновке;;;;
Сосновоборск;;Красноярский край;;в Сосновоборске;;;;
Сосновый Бор;;Ленинградская область;;в Сосновом Бору;;;;
Сосногорск;;Коми;;в Сосногорске;;;;
Сочи;;Краснодарский край;;в Сочи;;;;
Спас-Деменск;;Калужская область;;в Спас-Деменске;;;;
Спас-Клепики;;Рязанская область;;в Спас-Клепиках;;;;
Спасск;;Пензенская область;;в Спасске;;;;
Спасск-Дальний;;Приморский край;;в Спасск-Дальнем;;;;
Спасск-Рязанский;;Рязанская область;;в Спасск-Рязанском;;;;
Среднеколымск;;Якутия;;в Среднеколымске;;;;
Среднеуральск;;Свердловская область;;в Среднеуральске;;;;
Сретенск;;Забайкальский край;;в Сретенске;;;;
Ставрополь;;Ставропольский край;;в Ставрополе;;;;
Старая Купавна;;Московская область;;в Старой Купавне;;;;
Старая Русса;;Новгородская область;;в Старой Руссе;;;;
Старица;;Тверская область;;в Старице;;;;
Стародуб;;Брянская область;;в Стародубе;;;;
Старый Крым;;Крым;;в Старом Крыму;;;;
Старый Оскол;;Белгородская область;;в Старом Осколе;;;;
Стерлитамак;;Башкортостан;;в Стерлитамаке;;;;
Стрежевой;;Томская область;;в Стрежевом;;;;
Строитель;;Белгородская область;;в Строителе;;;;
Струнино;;Владимирская область;;в Струнино;;;;
Ступино;;Московская область;;в Ступино;;;;
Суворов;;Тульская область;;в Суворове;;;;
Судак;;Крым;;в Судаке;;;;
Суджа;;Курская область;;в Судже;;;;
Судогда;;Владимирская область;;в Судогде;;;;
Суздаль;;Владимирская область;;в Суздале;;;;
Сунжа;;Ингушетия;;в Сунже;;;;
Суоярви;;Карелия;;в Суоярви;;;;
Сураж;;Брянская область;;в Сураже;;;;
Сургут;;Ханты-Мансийский АО;;в Сургуте;;;;
Суровикино;;Волгоградская область;;в Суровикино;;;;
Сурск;;Пензенская область;;в Сурске;;;;
Сусуман;;Магаданская область;;в Сусумане;;;;
Сухиничи;;Калужская область;;в Сухиничах;;;;
Сухой Лог;;Свердловская область;;в Сухом Логу;;;;
Сызрань;;Самарская область;;в Сызрани;;;;
Сыктывкар;;Коми;;в Сыктывкаре;;;;
Сысерть;;Свердловская область;;в Сысерти;;;;
Сычёвка;;Смоленская область;;в Сычёвке;;;;
Сясьстрой;;Ленинградская область;;в Сясьстрое;;;;
Тавда;;Свердловская область;;в Тавде;;;;
Таганрог;;Ростовская область;;в Таганроге;;;;
Тайга;;Кемеровская область;;в Тайге;;;;
Тайшет;;Иркутская область;;в Тайшете;;;;
Талдом;;Московская область;;в Талдоме;;;;
Талица;;Свердловская область;;в Талице;;;;
Тамбов;;Тамбовская область;;в Тамбове;;;;
Тара;;Омская область;;в Таре;;;;
Тарко-Сале;;Ямало-Ненецкий АО;;в Тарко-Сале;;;;
Таруса;;Калужская область;;в Тарусе;;;;
Татарск;;Новосибирская область;;в Татарске;;;;
Таштагол;;Кемеровская область;;в Таштаголе;;;;
Тверь;;Тверская область;;в Твери;;;;
Теберда;;Карачаево-Черкесия;;в Теберде;;;;
Тейково;;Ивановская область;;в Тейково;;;;
Темников;;Мордовия;;в Темникове;;;;
Темрюк;;Краснодарский край;;в Темрюке;;;;
Терек;;Кабардино-Балкария;;в Тереке;;;;
Тетюши;;Татарстан;;в Тетюшах;;;;
Тимашёвск;;Краснодарский край;;в Тимашёвске;;;;
Тихвин;;Ленинградская область;;в Тихвине;;;;
Тихорецк;;Краснодарский край;;в Тихорецке;;;;
Тобольск;;Тюменская область;;в Тобольске;;;;
Тогучин;;Новосибирская область;;в Тогучине;;;;
Тольятти;;Самарская область;;в Тольятти;;;;
Томари;;Сахалинская область;;в Томари;;;;
Томмот;;Якутия;;в Томмоте;;;;
Томск;;Томская область;;в Томске;;;;
Топки;;Кемеровская область;;в Топках;;;;
Торжок;;Тверская область;;в Торжке;;;;
Торопец;;Тверская область;;в Торопце;;;;
Тосно;;Ленинградская область;;в Тосно;;;;
Тотьма;;Вологодская область;;в Тотьме;;;;
Трёхгорный;;Челябинская область;;в Трёхгорном;;;;
Троицк;;Челябинская область;;в Троицке;;;;
Трубчевск;;Брянская область;;в Трубчевске;;;;
Туапсе;;Краснодарский край;;в Туапсе;;;;
Туймазы;;Башкортостан;;в Туймазах;;;;
Тула;;Тульская область;;в Туле;;;;
Тулун;;Иркутская область;;в Тулуне;;;;
Туран;;Тыва;;в Туране;;;;
Туринск;;Свердловская область;;в Туринске;;;;
Тутаев;;Ярославская область;;в Тутаеве;;;;
Тында;;Амурская область;;в Тынде;;;;
Тырныауз;;Кабардино-Балкария;;в Тырныаузе;;;;
Тюкалинск;;Омская область;;в Тюкалинске;;;;
Тюмень;;Тюменская область;;в Тюмени;;;;
Уварово;;Тамбовская область;;в Уварово;;;;
Углегорск;;Сахалинская область;;в Углегорске;;;;
Углич;;Ярославская область;;в Угличе;;;;
Удачный;;Якутия;;в Удачном;;;;
Удомля;;Тверская область;;в Удомле;;;;
Ужур;;Красноярский край;;в Ужуре;;;;
Узловая;;Тульская область;;в Узловой;;;;
Улан-Удэ;;Бурятия;;в Улан-Удэ;;;;
Ульяновск;;Ульяновская область;;в Ульяновске;;;;
Унеча;;Брянская область;;в Унече;;;;
Урай;;Ханты-Мансийский АО;;в Урае;;;;
Урень;;Нижегородская область;;в Урене;;;;
Уржум;;Кировская область;;в Уржуме;;;;
Урус-Мартан;;Чечня;;в Урус-Мартане;;;;
Урюпинск;;Волгоградская область;;в Урюпинске;;;;
Усинск;;Коми;;в Усинске;;;;
Усмань;;Липецкая область;;в Усмани;;;;
Усолье-Сибирское;;Иркутская область;;в Усолье-Сибирском;;;;
Усолье;;Пермский край;;в Усолье;;;;
Уссурийск;;Приморский край;;в Уссурийске;;;;
Усть-Джегута;;Карачаево-Черкесия;;в Усть-Джегуте;;;;
Усть-Илимск;;Иркутская область;;в Усть-Илимске;;;;
Усть-Катав;;Челябинская область;;в Усть-Катаве;;;;
Усть-Кут;;Иркутская область;;в Усть-Куте;;;;
Усть-Лабинск;;Краснодарский край;;в Усть-Лабинске;;;;
Устюжна;;Вологодская область;;в Устюжне;;;;
Уфа;;Башкортостан;;в Уфе;;;;
Ухта;;Коми;;в Ухте;;;;
Учалы;;Башкортостан;;в Учалах;;;;
Уяр;;Красноярский край;;в Уяре;;;;
Фатеж;;Курская область;;в Фатеже;;;;
Феодосия;;Крым;;в Феодосии;;;;
Фокино;;Брянская область;;в Фокино;;;;
Фокино;;Приморский край;;в Фокино;;;;
Фролово;;Волгоградская область;;во Фролово;;;;
Фрязино;;Московская область;;во Фрязино;;;;
Фурманов;;Ивановская область;;в Фурманове;;;;
Хабаровск;;Хабаровский край;;в Хабаровске;;;;
Хадыженск;;Краснодарский край;;в Хадыженске;;;;
Ханты-Мансийск;;Ханты-Мансийский АО;;в Ханты-Мансийске;;;;
Харабали;;Астраханская область;;в Харабалях;;;;
Харовск;;Вологодская область;;в Харовске;;;;
Хасавюрт;;Дагестан;;в Хасавюрте;;;;
Хвалынск;;Саратовская область;;в Хвалынске;;;;
Хилок;;Забайкальский край;;в Хилке;;;;
Химки;;Московская область;;в Химках;;;;
Холм;;Новгородская область;;в Холме;;;;
Холмск;;Сахалинская область;;в Холмске;;;;
Хотьково;;Московская область;;в Хотьково;;;;
Цивильск;;Чувашия;;в Цивильске;;;;
Цимлянск;;Ростовская область;;в Цимлянске;;;;
Циолковский;;Амурская область;;в Циолковском;;;;
Чадан;;Тыва;;в Чадане;;;;
Чайковский;;Пермский край;;в Чайковском;;;;
Чапаевск;;Самарская область;;в Чапаевске;;;;
Чаплыгин;;Липецкая область;;в Чаплыгине;;;;
Чебаркуль;;Челябинская область;;в Чебаркуле;;;;
Чебоксары;;Чувашия;;в Чебоксарах;;;;
Чегем;;Кабардино-Балкария;;в Чегеме;;;;
Чекалин;;Тульская область;;в Чекалине;;;;
Челябинск;;Челябинская область;;в Челябинске;;;;
Чердынь;;Пермский край;;в Чердыни;;;;
Черемхово;;Иркутская область;;в Черемхово;;;;
Черепаново;;Новосибирская область;;в Черепаново;;;;
Череповец;;Вологодская область;;в Череповце;;;;
Черкесск;;Карачаево-Черкесия;;в Черкесске;;;;
Чёрмоз;;Пермский край;;в Чёрмозе;;;;
Черноголовка;;Московская область;;в Черноголовке;;;;
Черногорск;;Хакасия;;в Черногорске;;;;
Чернушка;;Пермский край;;в Чернушке;;;;
Черняховск;;Калининградская область;;в Черняховске;;;;
Чехов;;Московская область;;в Чехове;;;;
Чистополь;;Татарстан;;в Чистополе;;;;
Чита;;Забайкальский край;;в Чите;;;;
Чкаловск;;Нижегородская область;;в Чкаловске;;;;
Чудово;;Новгородская область;;в Чудово;;;;
Чулым;;Новосибирская область;;в Чулыме;;;;
Чусовой;;Пермский край;;в Чусовом;;;;
Чухлома;;Костромская область;;в Чухломе;;;;
Шагонар;;Тыва;;в Шагонаре;;;;
Шадринск;;Курганская область;;в Шадринске;;;;
Шали;;Чечня;;в Шали;;;;
Шарыпово;;Красноярский край;;в Шарыпово;;;;
Шарья;;Костромская область;;в Шарье;;;;
Шатура;;Московская область;;в Шатуре;;;;
Шахты;;Ростовская область;;в Шахтах;;;;
Шахунья;;Нижегородская область;;в Шахунье;;;;
Шацк;;Рязанская область;;в Шацке;;;;
Шебекино;;Белгородская область;;в Шебекино;;;;
Шелехов;;Иркутская область;;в Шелехове;;;;
Шенкурск;;Архангельская область;;в Шенкурске;;;;
Шилка;;Забайкальский край;;в Шилке;;;;
Шимановск;;Амурская область;;в Шимановске;;;;
Шиханы;;Саратовская область;;в Шиханах;;;;
Шлиссельбург;;Ленинградская область;;в Шлиссельбурге;;;;
Шумерля;;Чувашия;;в Шумерле;;;;
Шумиха;;Курганская область;;в Шумихе;;;;
Шуя;;Ивановская область;;в Шуе;;;;
Щёкино;;Тульская область;;в Щёкино;;;;
Щёлкино;;Крым;;в Щёлкино;;;;
Щёлково;;Московская область;;в Щёлково;;;;
Щигры;;Курская область;;в Щиграх;;;;
Щучье;;Курганская область;;в Щучьем;;;;
Электрогорск;;Московская область;;в Электрогорске;;;;
Электросталь;;Московская область;;в Электростали;;;;
Электроугли;;Московская область;;в Электроуглях;;;;
Элиста;;Калмыкия;;в Элисте;;;;
Энгельс;;Саратовская область;;в Энгельсе;;;;
Эртиль;;Воронежская область;;в Эртиле;;;;
Югорск;;Ханты-Мансийский АО;;в Югорске;;;;
Южа;;Ивановская область;;в Юже;;;;
Южно-Сахалинск;;Сахалинская область;;в Южно-Сахалинске;;;;
Южно-Сухокумск;;Дагестан;;в Южно-Сухокумске;;;;
Южноуральск;;Челябинская область;;в Южноуральске;;;;
Юрга;;Кемеровская область;;в Юрге;;;;
Юрьев-Польский;;Владимирская область;;в Юрьев-Польском;;;;
Юрьевец;;Ивановская область;;в Юрьевце;;;;
Юрюзань;;Челябинская область;;в Юрюзани;;;;
Юхнов;;Калужская область;;в Юхнове;;;;
Ядрин;;Чувашия;;в Ядрине;;;;
Якутск;;Якутия;;в Якутске;;;;
Ялта;;Крым;;в Ялте;;;;
Ялуторовск;;Тюменская область;;в Ялуторовске;;;;
Янаул;;Башкортостан;;в Янауле;;;;
Яранск;;Кировская область;;в Яранске;;;;
Яровое;;Алтайский край;;в Яровом;;;;
Ярославль;;Ярославская область;;в Ярославле;;;;
Ярцево;;Смоленская область;;в Ярцево;;;;
Ясногорск;;Тульская область;;в Ясногорске;;;;
Ясный;;Оренбургская область;;в Ясном;;;;
Яхрома;;Московская область;;в Яхроме;;;;